X,Y,class_hidr,CATEGORIA_SAL
1299675.97,1827467.8,A4,SALINIDAD_ALTA
1299536.07,1826712.393,A4,SALINIDAD_MEDIA
1299575.238,1827158.339,A4,SALINIDAD_ALTA
1138103.0,1758322.0,A4,SALINIDAD_ALTA
1138263.0,1757806.0,A4,SALINIDAD_ALTA
1137798.0,1753024.0,A3,SALINIDAD_ALTA
1140279.0,1752866.0,A2,SALINIDAD_ALTA
1135674.0,1763465.0,A3,SALINIDAD_BAJA
1136811.0,1762300.0,A3,SALINIDAD_ALTA
1141560.0,1759314.0,A4,SALINIDAD_MEDIA
1138017.0,1760451.0,A4,SALINIDAD_MEDIA
1201602.0,1751694.0,A4,SALINIDAD_ALTA
1203521.0,1751026.0,A4,SALINIDAD_ALTA
1203180.0,1751189.0,A4,SALINIDAD_ALTA
1200743.0,1751595.0,A4,SALINIDAD_ALTA
1199397.0,1750697.0,A4,SALINIDAD_MEDIA
1187221.0,1738820.0,A4,SALINIDAD_MEDIA
1197223.0,1787141.0,A3,SALINIDAD_ALTA
1198045.0,1786626.0,A3,SALINIDAD_ALTA
1197647.0,1788229.0,A4,SALINIDAD_ALTA
1197209.0,1788188.0,A4,SALINIDAD_ALTA
1198126.0,1788940.0,A3,SALINIDAD_ALTA
1198576.0,1787828.0,A4,SALINIDAD_ALTA
1197457.0,1788127.0,A4,SALINIDAD_ALTA
1201612.0,1750448.0,A4,SALINIDAD_ALTA
1202084.0,1750286.0,A4,SALINIDAD_ALTA
1199012.0,1758270.0,A4,SALINIDAD_ALTA
1186430.0,1790218.0,A4,SALINIDAD_ALTA
1186563.0,1790230.0,A4,SALINIDAD_ALTA
1187348.0,1790907.0,A4,SALINIDAD_ALTA
1187298.0,1791417.0,A4,SALINIDAD_ALTA
1181905.0,1792255.0,A4,SALINIDAD_ALTA
1141883.0,1766781.0,A4,SALINIDAD_ALTA
1135730.0,1749430.0,A3,SALINIDAD_BAJA
1134809.0,1775187.0,A4,SALINIDAD_MEDIA
1189724.329,1781858.811,A4,SALINIDAD_ALTA
1190785.606,1785445.035,A4,SALINIDAD_MEDIA
1189652.785,1785304.974,A4,SALINIDAD_ALTA
1190615.075,1788314.015,A4,SALINIDAD_ALTA
1196739.011,1792622.555,A4,SALINIDAD_ALTA
1195233.187,1788431.174,A4,SALINIDAD_ALTA
1194005.619,1782985.468,A4,SALINIDAD_ALTA
1227465.883,1789238.45,A3,SALINIDAD_ALTA
1292855.0,1846697.0,A4,SALINIDAD_MEDIA
1185450.316,1728226.03,B3,SALINIDAD_BAJA
1131310.459,1765164.494,A2,SALINIDAD_MEDIA
1131446.358,1764418.841,A2,SALINIDAD_ALTA
1129966.0,1764620.0,A2,SALINIDAD_MEDIA
1130774.0,1764461.0,A2,SALINIDAD_ALTA
1197662.714,1750916.598,A4,SALINIDAD_MEDIA
1186303.734,1736809.341,A3,SALINIDAD_MEDIA
1126748.0,1764854.0,A3,SALINIDAD_ALTA
1195121.218,1787993.546,A4,SALINIDAD_ALTA
1178807.3,1794967.707,A4,SALINIDAD_ALTA
1187010.551,1791044.344,A4,SALINIDAD_ALTA
1129411.06,1762648.638,A3,SALINIDAD_MEDIA
1143802.548,1717288.581,A3,SALINIDAD_BAJA
1145020.786,1717847.789,A3,SALINIDAD_MEDIA
1146249.132,1718397.11,A3,SALINIDAD_ALTA
1217505.389,1835704.493,A3,SALINIDAD_MEDIA
1205778.551,1802122.805,A4,SALINIDAD_ALTA
1138633.253,1713507.12,A4,SALINIDAD_BAJA
1170287.549,1735131.031,A3,SALINIDAD_MEDIA
1170394.192,1734971.103,A3,SALINIDAD_ALTA
1172108.77,1729927.005,A2,SALINIDAD_MEDIA
1171189.586,1730524.726,A3,SALINIDAD_MEDIA
1169561.001,1729582.068,A2,SALINIDAD_MEDIA
1171480.701,1729926.619,A3,SALINIDAD_BAJA
1171135.024,1729891.101,A2,SALINIDAD_MEDIA
1172172.307,1727216.328,B4,SALINIDAD_MEDIA
1171935.096,1730581.316,A2,SALINIDAD_MEDIA
1165702.857,1728580.785,B3,SALINIDAD_MEDIA
1158922.061,1728829.915,A4,SALINIDAD_MEDIA
1158646.139,1728625.109,B4,SALINIDAD_MEDIA
1202687.934,1799631.884,A2,SALINIDAD_ALTA
1173975.375,1737321.611,A2,SALINIDAD_MEDIA
1173193.788,1737544.559,A2,SALINIDAD_MEDIA
1174239.701,1739330.461,A2,SALINIDAD_MEDIA
1174853.572,1740327.455,A4,SALINIDAD_MEDIA
1175181.157,1740145.551,A4,SALINIDAD_MEDIA
1174256.046,1742936.374,A3,SALINIDAD_MEDIA
1175186.453,1743355.911,A3,SALINIDAD_MEDIA
1176546.561,1743290.053,A4,SALINIDAD_MEDIA
1177964.266,1746206.097,A4,SALINIDAD_BAJA
1198592.641,1787830.811,A4,SALINIDAD_ALTA
1174931.851,1742484.48,A3,SALINIDAD_MEDIA
1179239.619,1744613.935,A4,SALINIDAD_BAJA
1178190.198,1750310.263,A4,SALINIDAD_MEDIA
1180415.485,1751475.342,A4,SALINIDAD_MEDIA
1182605.607,1750763.039,A4,SALINIDAD_ALTA
1182519.316,1753132.371,A4,SALINIDAD_ALTA
1181709.2,1754547.448,A3,SALINIDAD_ALTA
1182368.297,1754798.039,A3,SALINIDAD_ALTA
1183034.242,1755372.167,A4,SALINIDAD_MEDIA
1185063.033,1758118.417,A4,SALINIDAD_MEDIA
1186025.437,1758384.387,A4,SALINIDAD_MEDIA
1186170.957,1756668.21,A4,SALINIDAD_ALTA
1183245.158,1764881.012,A4,SALINIDAD_MEDIA
1185729.945,1763305.778,A4,SALINIDAD_MEDIA
1182288.833,1761727.808,A4,SALINIDAD_MEDIA
1182561.442,1762901.146,A4,SALINIDAD_MEDIA
1186694.469,1762271.21,A4,SALINIDAD_ALTA
1185525.057,1765940.275,A4,SALINIDAD_ALTA
1186544.499,1767469.277,A4,SALINIDAD_ALTA
1192544.777,1766270.8,A4,SALINIDAD_ALTA
1190155.068,1765996.645,A4,SALINIDAD_ALTA
1188924.788,1764875.056,A4,SALINIDAD_ALTA
1189693.578,1768121.182,A4,SALINIDAD_ALTA
1185621.928,1769253.093,A4,SALINIDAD_ALTA
1180495.533,1748917.832,A4,SALINIDAD_ALTA
1186237.991,1749863.312,A4,SALINIDAD_MEDIA
1183528.75,1770194.701,A4,SALINIDAD_ALTA
1191694.552,1770407.428,A4,SALINIDAD_ALTA
1192105.979,1768470.192,A4,SALINIDAD_ALTA
1191850.244,1773106.826,A4,SALINIDAD_ALTA
1192839.842,1773362.305,A4,SALINIDAD_ALTA
1191078.129,1774523.101,A4,SALINIDAD_ALTA
1192710.134,1776180.761,A4,SALINIDAD_ALTA
1192124.08,1779770.613,A4,SALINIDAD_ALTA
1193981.491,1777415.532,A4,SALINIDAD_ALTA
1190497.58,1779112.244,A4,SALINIDAD_MEDIA
1195250.457,1782753.583,A4,SALINIDAD_ALTA
1195443.484,1785774.576,A4,SALINIDAD_ALTA
1194673.362,1786328.571,A4,SALINIDAD_ALTA
1198389.767,1790727.529,A4,SALINIDAD_ALTA
1198531.901,1781868.038,A4,SALINIDAD_MEDIA
1189905.476,1774364.716,A4,SALINIDAD_ALTA
1220637.937,1834870.563,A3,SALINIDAD_ALTA
1208187.544,1806488.525,B4,SALINIDAD_ALTA
1185868.648,1791432.266,A4,SALINIDAD_ALTA
1163822.829,1773548.124,A4,SALINIDAD_MEDIA
1170385.85,1766067.351,A3,SALINIDAD_MEDIA
1180512.578,1788983.678,A4,SALINIDAD_ALTA
1185818.222,1797366.137,A4,SALINIDAD_ALTA
1206727.223,1782408.992,A4,SALINIDAD_ALTA
1218338.249,1821337.424,A4,SALINIDAD_ALTA
1159392.905,1784314.751,A4,SALINIDAD_ALTA
1158597.0,1781971.0,A4,SALINIDAD_ALTA
1155568.0,1780781.0,A4,SALINIDAD_ALTA
1154485.0,1785415.0,A4,SALINIDAD_ALTA
1153786.0,1785339.0,A4,SALINIDAD_ALTA
1154081.0,1784000.0,A4,SALINIDAD_ALTA
1154814.0,1784518.0,A4,SALINIDAD_ALTA
1154076.0,1781930.0,A4,SALINIDAD_MEDIA
1152614.0,1781941.0,A4,SALINIDAD_MEDIA
1151709.0,1779724.0,A4,SALINIDAD_MEDIA
1150851.0,1779269.0,A4,SALINIDAD_MEDIA
1150444.0,1779271.0,A4,SALINIDAD_MEDIA
1159120.0,1785364.0,A4,SALINIDAD_ALTA
1160068.0,1786007.0,A4,SALINIDAD_ALTA
1159731.0,1782309.0,A4,SALINIDAD_MEDIA
1159702.0,1781038.0,A3,SALINIDAD_MEDIA
1158343.0,1779401.0,A4,SALINIDAD_MEDIA
1160769.0,1778929.0,A4,SALINIDAD_ALTA
1158979.0,1778718.0,A4,SALINIDAD_ALTA
1159436.0,1776058.0,A4,SALINIDAD_ALTA
1158374.0,1772516.0,A4,SALINIDAD_ALTA
1155734.0,1772307.0,A4,SALINIDAD_ALTA
1155096.0,1775286.0,A4,SALINIDAD_ALTA
1156047.0,1775140.0,A4,SALINIDAD_MEDIA
1149971.0,1783480.0,A4,SALINIDAD_MEDIA
1149572.0,1782410.0,A4,SALINIDAD_MEDIA
1152587.0,1777582.0,A4,SALINIDAD_ALTA
1152401.0,1774394.0,A4,SALINIDAD_ALTA
1152441.0,1786883.0,A4,SALINIDAD_ALTA
1156236.0,1782477.0,A4,SALINIDAD_ALTA
1150148.0,1777544.0,A4,SALINIDAD_ALTA
1149198.0,1776924.0,A4,SALINIDAD_ALTA
1147402.0,1778722.0,A4,SALINIDAD_MEDIA
1147355.0,1779055.0,A4,SALINIDAD_ALTA
1148739.0,1780336.0,A4,SALINIDAD_MEDIA
1132204.0,1765297.0,A2,SALINIDAD_MEDIA
1132551.0,1765053.0,A2,SALINIDAD_ALTA
1148015.0,1781216.0,A4,SALINIDAD_MEDIA
1146221.0,1779239.0,A4,SALINIDAD_ALTA
1144839.0,1778922.0,A4,SALINIDAD_MEDIA
1145529.0,1777485.0,A4,SALINIDAD_ALTA
1145582.0,1777645.0,A4,SALINIDAD_ALTA
1144968.0,1777473.0,A4,SALINIDAD_MEDIA
1151390.0,1781473.0,A4,SALINIDAD_MEDIA
1146395.0,1775314.0,A4,SALINIDAD_MEDIA
1147095.0,1774913.0,A4,SALINIDAD_MEDIA
1145401.0,1774731.0,A4,SALINIDAD_ALTA
1144046.0,1774641.0,A4,SALINIDAD_ALTA
1144550.0,1773780.0,A4,SALINIDAD_ALTA
1145173.0,1774251.0,A4,SALINIDAD_ALTA
1142556.0,1773116.0,A4,SALINIDAD_ALTA
1141760.0,1774602.0,A3,SALINIDAD_ALTA
1143532.0,1772127.0,A4,SALINIDAD_ALTA
1141260.0,1770683.0,A4,SALINIDAD_ALTA
1140517.0,1770723.0,A4,SALINIDAD_ALTA
1140576.0,1771895.0,A4,SALINIDAD_ALTA
1142313.0,1768859.0,A4,SALINIDAD_MEDIA
1141533.0,1768715.0,A4,SALINIDAD_ALTA
1132065.0,1769113.0,A3,SALINIDAD_MEDIA
1133047.0,1769381.0,A3,SALINIDAD_MEDIA
1133149.0,1770661.0,A3,SALINIDAD_MEDIA
1135328.0,1770730.0,A3,SALINIDAD_MEDIA
1136501.0,1776881.0,A4,SALINIDAD_MEDIA
1139034.0,1777045.0,A4,SALINIDAD_ALTA
1139501.0,1776088.0,A4,SALINIDAD_MEDIA
1139328.0,1778840.0,A4,SALINIDAD_ALTA
1141084.0,1778485.0,A4,SALINIDAD_ALTA
1140973.0,1779756.0,A4,SALINIDAD_ALTA
1141499.0,1780329.0,A4,SALINIDAD_ALTA
1141652.0,1780001.0,A4,SALINIDAD_ALTA
1142174.0,1780022.0,A4,SALINIDAD_MEDIA
1135718.0,1774950.0,A4,SALINIDAD_MEDIA
1156501.34,1771446.44,A4,SALINIDAD_ALTA
1155731.71,1771408.76,A4,SALINIDAD_ALTA
1154367.44,1771497.24,A4,SALINIDAD_ALTA
1160479.01,1771783.32,A4,SALINIDAD_ALTA
1158170.43,1771614.72,A4,SALINIDAD_MEDIA
1160618.34,1773557.61,A4,SALINIDAD_MEDIA
1129915.7,1764476.37,A2,SALINIDAD_MEDIA
1174077.81,1753369.94,A4,SALINIDAD_MEDIA
1178980.42,1759477.71,A4,SALINIDAD_ALTA
1178843.76,1758450.22,A4,SALINIDAD_MEDIA
1182211.13,1756102.56,A4,SALINIDAD_ALTA
1181962.69,1776349.85,A4,SALINIDAD_ALTA
1177993.77,1776674.15,A4,SALINIDAD_ALTA
1177656.16,1774243.75,A4,SALINIDAD_ALTA
1178113.67,1771095.52,A4,SALINIDAD_BAJA
1180899.83,1769433.18,A4,SALINIDAD_ALTA
1179156.36,1765823.44,A4,SALINIDAD_MEDIA
1177783.58,1764131.05,A4,SALINIDAD_MEDIA
1162011.89,1774241.08,A3,SALINIDAD_MEDIA
1105417.48,1742328.07,A2,SALINIDAD_MEDIA
1104110.26,1742326.84,A2,SALINIDAD_MEDIA
1104057.84,1742587.88,A2,SALINIDAD_MEDIA
1108068.24,1749472.84,A4,SALINIDAD_MEDIA
1111012.56,1755531.1,A2,SALINIDAD_BAJA
1114021.56,1757640.88,A2,SALINIDAD_MEDIA
1115451.25,1760445.83,A4,SALINIDAD_ALTA
1115728.37,1763381.81,A3,SALINIDAD_BAJA
1119779.72,1761331.82,A4,SALINIDAD_MEDIA
1118931.82,1761900.22,A4,SALINIDAD_MEDIA
1158252.5,1767991.21,A4,SALINIDAD_ALTA
1158716.76,1769677.98,A4,SALINIDAD_ALTA
1152189.37,1768812.42,A4,SALINIDAD_ALTA
1150748.7,1769638.36,A3,SALINIDAD_MEDIA
1155556.67,1766406.98,A4,SALINIDAD_ALTA
1157912.98,1765604.28,A4,SALINIDAD_ALTA
1159057.24,1764724.86,A4,SALINIDAD_MEDIA
1148889.49,1766103.98,A4,SALINIDAD_ALTA
1150505.57,1763493.0,A4,SALINIDAD_ALTA
1153685.38,1762300.52,A4,SALINIDAD_MEDIA
1154673.49,1763565.59,A4,SALINIDAD_MEDIA
1154674.29,1764629.08,A3,SALINIDAD_MEDIA
1155509.55,1761252.18,A4,SALINIDAD_MEDIA
1155142.95,1762427.58,A4,SALINIDAD_MEDIA
1148600.28,1762540.29,A4,SALINIDAD_MEDIA
1149022.32,1763040.23,A4,SALINIDAD_MEDIA
1147803.8,1762370.55,A3,SALINIDAD_BAJA
1147568.14,1762200.39,A3,SALINIDAD_MEDIA
1133456.18,1765868.19,A2,SALINIDAD_BAJA
1134578.95,1766272.56,A3,SALINIDAD_MEDIA
1135957.03,1765814.44,A3,SALINIDAD_BAJA
1137369.96,1766398.44,A3,SALINIDAD_ALTA
1136521.29,1768472.39,A3,SALINIDAD_MEDIA
1135582.12,1767687.62,A3,SALINIDAD_ALTA
1134902.16,1767229.8,A3,SALINIDAD_ALTA
1137861.1,1765687.56,A3,SALINIDAD_MEDIA
1138549.74,1765555.38,A4,SALINIDAD_MEDIA
1139039.54,1765834.17,A4,SALINIDAD_BAJA
1139388.75,1765015.1,A3,SALINIDAD_BAJA
1139996.4,1764698.18,A3,SALINIDAD_BAJA
1140007.44,1764264.86,A3,SALINIDAD_BAJA
1140221.61,1765172.51,A3,SALINIDAD_BAJA
1147212.87,1764254.95,A4,SALINIDAD_BAJA
1147189.13,1764147.26,A4,SALINIDAD_MEDIA
1147566.13,1768399.82,A4,SALINIDAD_ALTA
1145049.31,1764081.93,A4,SALINIDAD_BAJA
1145301.22,1764015.48,A4,SALINIDAD_MEDIA
1144553.37,1764479.2,A4,SALINIDAD_BAJA
1144190.23,1763687.61,A3,SALINIDAD_MEDIA
1151004.83,1764312.99,A4,SALINIDAD_BAJA
1131577.77,1765675.81,A2,SALINIDAD_MEDIA
1161691.272,1759544.154,A4,SALINIDAD_MEDIA
1160482.941,1762067.649,A4,SALINIDAD_MEDIA
1160773.525,1762317.687,A4,SALINIDAD_MEDIA
1162432.956,1760077.897,A4,SALINIDAD_MEDIA
1161282.263,1759177.884,A4,SALINIDAD_MEDIA
1162238.448,1757337.756,A4,SALINIDAD_MEDIA
1162034.575,1759247.715,A4,SALINIDAD_MEDIA
1162191.671,1759239.349,A4,SALINIDAD_MEDIA
1163597.643,1758865.959,A4,SALINIDAD_MEDIA
1164472.491,1758502.037,A4,SALINIDAD_MEDIA
1165072.867,1758470.278,A3,SALINIDAD_MEDIA
1164496.404,1756008.135,A4,SALINIDAD_MEDIA
1167049.883,1757715.775,A4,SALINIDAD_MEDIA
1167679.028,1757515.296,A4,SALINIDAD_ALTA
1166610.294,1758730.286,A4,SALINIDAD_ALTA
1164099.717,1757227.088,A4,SALINIDAD_MEDIA
1163219.308,1757356.948,A4,SALINIDAD_MEDIA
1163209.814,1758077.885,A4,SALINIDAD_MEDIA
1163039.313,1755911.007,A3,SALINIDAD_MEDIA
1163308.094,1755933.798,A4,SALINIDAD_MEDIA
1163066.418,1753297.162,A4,SALINIDAD_BAJA
1164298.023,1752763.887,A4,SALINIDAD_BAJA
1165767.972,1751427.011,A4,SALINIDAD_BAJA
1164672.959,1750839.651,A4,SALINIDAD_BAJA
1162466.209,1749252.771,A3,SALINIDAD_MEDIA
1161665.859,1750250.544,A3,SALINIDAD_MEDIA
1160969.963,1749172.32,A3,SALINIDAD_MEDIA
1163090.915,1751510.329,A4,SALINIDAD_BAJA
1168346.476,1755167.017,A4,SALINIDAD_MEDIA
1168910.679,1753416.701,A4,SALINIDAD_MEDIA
1168313.393,1752955.473,A4,SALINIDAD_MEDIA
1168521.444,1751986.537,A4,SALINIDAD_MEDIA
1168970.584,1749074.905,A4,SALINIDAD_BAJA
1166549.221,1752086.14,A4,SALINIDAD_BAJA
1167249.925,1747377.006,A4,SALINIDAD_BAJA
1166385.11,1748127.146,A4,SALINIDAD_BAJA
1165679.551,1747496.825,A4,SALINIDAD_MEDIA
1164051.445,1747786.056,A4,SALINIDAD_MEDIA
1166090.367,1747227.041,A4,SALINIDAD_BAJA
1166364.197,1744596.67,A4,SALINIDAD_MEDIA
1166358.67,1744550.609,A4,SALINIDAD_MEDIA
1167508.539,1743239.327,A4,SALINIDAD_ALTA
1166223.915,1744164.194,A4,SALINIDAD_MEDIA
1167973.656,1757746.378,A3,SALINIDAD_ALTA
1171881.569,1757028.904,A4,SALINIDAD_MEDIA
1172537.933,1756424.645,A4,SALINIDAD_MEDIA
1172220.786,1756049.307,A4,SALINIDAD_MEDIA
1173805.321,1756115.76,A4,SALINIDAD_MEDIA
1173006.489,1756088.466,A4,SALINIDAD_MEDIA
1173231.9,1753544.473,A4,SALINIDAD_BAJA
1178451.523,1752987.439,A4,SALINIDAD_ALTA
1175187.0,1759422.0,A4,SALINIDAD_MEDIA
1175142.248,1757586.851,A4,SALINIDAD_MEDIA
1175387.532,1757178.339,A4,SALINIDAD_MEDIA
1175212.102,1757024.494,A4,SALINIDAD_MEDIA
1172644.227,1757456.879,A4,SALINIDAD_MEDIA
1172174.037,1756409.866,A4,SALINIDAD_ALTA
1169531.024,1757919.58,A4,SALINIDAD_MEDIA
1170215.271,1758576.762,A4,SALINIDAD_MEDIA
1170026.903,1757070.645,A4,SALINIDAD_MEDIA
1168405.288,1760765.142,A4,SALINIDAD_MEDIA
1170367.717,1761896.707,A4,SALINIDAD_MEDIA
1167664.401,1765441.83,A4,SALINIDAD_MEDIA
1168289.073,1761840.03,A4,SALINIDAD_MEDIA
1172481.212,1761683.715,A4,SALINIDAD_MEDIA
1168382.05,1755979.46,A4,SALINIDAD_MEDIA
1167713.305,1766954.475,A4,SALINIDAD_MEDIA
1166844.18,1766959.378,A4,SALINIDAD_MEDIA
1168154.025,1766316.029,A4,SALINIDAD_MEDIA
1168875.989,1768140.76,A4,SALINIDAD_MEDIA
1170853.541,1769443.625,A4,SALINIDAD_MEDIA
1174235.975,1791006.159,A4,SALINIDAD_ALTA
1175296.21,1790154.332,A4,SALINIDAD_ALTA
1170985.934,1789750.363,A4,SALINIDAD_ALTA
1167749.21,1787531.686,A3,SALINIDAD_ALTA
1166063.388,1787531.686,A4,SALINIDAD_ALTA
1165504.133,1788085.853,A4,SALINIDAD_ALTA
1164141.916,1786122.241,A4,SALINIDAD_ALTA
1163584.343,1759833.872,A4,SALINIDAD_MEDIA
1165136.789,1759992.044,A4,SALINIDAD_MEDIA
1165883.802,1760379.849,A3,SALINIDAD_MEDIA
1165848.445,1761661.572,A3,SALINIDAD_MEDIA
1166080.152,1761979.011,A3,SALINIDAD_MEDIA
1166195.634,1763850.356,A4,SALINIDAD_MEDIA
1164390.537,1764996.575,A3,SALINIDAD_MEDIA
1164984.439,1765487.815,A4,SALINIDAD_MEDIA
1165054.752,1766796.636,A4,SALINIDAD_MEDIA
1162494.273,1768928.934,A4,SALINIDAD_ALTA
1163286.371,1766154.095,A4,SALINIDAD_MEDIA
1161534.831,1764093.694,A4,SALINIDAD_MEDIA
1159650.048,1758117.878,A4,SALINIDAD_MEDIA
1158321.424,1760674.092,A4,SALINIDAD_MEDIA
1160306.869,1759866.754,A4,SALINIDAD_MEDIA
1158434.1,1753196.182,A3,SALINIDAD_BAJA
1159218.096,1753680.31,A3,SALINIDAD_MEDIA
1158845.742,1751975.428,A3,SALINIDAD_MEDIA
1156276.181,1756562.81,A4,SALINIDAD_MEDIA
1158091.144,1756951.661,A4,SALINIDAD_MEDIA
1156898.737,1758241.273,A4,SALINIDAD_ALTA
1156544.348,1758759.586,A4,SALINIDAD_MEDIA
1154941.422,1758657.914,A4,SALINIDAD_MEDIA
1154173.317,1759053.915,A4,SALINIDAD_MEDIA
1153040.428,1758950.131,A4,SALINIDAD_BAJA
1151968.229,1758876.978,A4,SALINIDAD_ALTA
1152872.957,1761684.297,A4,SALINIDAD_MEDIA
1152183.752,1761898.103,A4,SALINIDAD_MEDIA
1151410.649,1761911.04,A3,SALINIDAD_ALTA
1176863.747,1784106.04,A4,SALINIDAD_ALTA
1178067.933,1782031.45,A4,SALINIDAD_ALTA
1180126.021,1781397.12,A4,SALINIDAD_ALTA
1176513.716,1780231.705,A3,SALINIDAD_ALTA
1175916.183,1778759.158,A4,SALINIDAD_ALTA
1179292.762,1785558.065,A4,SALINIDAD_ALTA
1179671.506,1785777.126,A3,SALINIDAD_ALTA
1129737.0,1761944.0,A4,SALINIDAD_ALTA
1128961.0,1760488.0,A3,SALINIDAD_ALTA
1128929.0,1760357.0,A3,SALINIDAD_ALTA
1129143.0,1759916.0,A2,SALINIDAD_ALTA
1127315.0,1759689.0,A2,SALINIDAD_ALTA
1127184.0,1760852.0,A4,SALINIDAD_ALTA
1127152.0,1759178.0,,SALINIDAD_ALTA
1127823.0,1757814.0,A2,SALINIDAD_MEDIA
1128516.0,1758319.0,A2,SALINIDAD_MEDIA
1131607.0,1757192.0,A3,SALINIDAD_ALTA
1130094.0,1758038.0,A2,SALINIDAD_MEDIA
1131175.0,1757388.0,A2,SALINIDAD_ALTA
1126394.0,1754794.0,A2,SALINIDAD_MEDIA
1127833.0,1753920.0,A3,SALINIDAD_MEDIA
1129414.0,1753440.0,A2,SALINIDAD_MEDIA
1127864.0,1751884.0,A2,SALINIDAD_MEDIA
1127971.0,1749761.0,A2,SALINIDAD_BAJA
1130488.0,1758503.0,A2,SALINIDAD_MEDIA
1132679.0,1760100.0,A4,SALINIDAD_ALTA
1124310.0,1750219.0,A2,SALINIDAD_MEDIA
1126556.0,1750100.0,A2,SALINIDAD_MEDIA
1132720.0,1750384.0,A2,SALINIDAD_MEDIA
1131420.0,1750214.0,A2,SALINIDAD_BAJA
1130629.0,1749525.0,A2,SALINIDAD_BAJA
1128412.0,1749913.0,A2,SALINIDAD_BAJA
1138349.0,1746256.0,A3,SALINIDAD_MEDIA
1138296.0,1743480.0,A2,SALINIDAD_BAJA
1132046.0,1747964.0,A3,SALINIDAD_BAJA
1126845.0,1742839.0,A3,SALINIDAD_BAJA
1129581.0,1747584.0,A3,SALINIDAD_BAJA
1128033.0,1748581.0,A2,SALINIDAD_MEDIA
1124222.0,1747134.0,A3,SALINIDAD_BAJA
1126983.0,1756300.0,A3,SALINIDAD_MEDIA
1125872.0,1758976.0,A2,SALINIDAD_MEDIA
1126868.0,1747214.0,A2,SALINIDAD_BAJA
1129600.0,1746827.0,A2,SALINIDAD_BAJA
1128667.0,1742779.0,A3,SALINIDAD_BAJA
1127605.0,1738501.0,A4,SALINIDAD_BAJA
1128800.0,1735572.0,A4,SALINIDAD_BAJA
1134278.0,1737174.0,A2,SALINIDAD_BAJA
1135232.0,1736298.0,A2,SALINIDAD_BAJA
1136617.0,1735099.0,A2,SALINIDAD_BAJA
1134592.0,1733195.0,A4,SALINIDAD_BAJA
1137035.0,1732761.0,A4,SALINIDAD_BAJA
1145262.0,1741272.0,A2,SALINIDAD_MEDIA
1144349.0,1742682.0,A2,SALINIDAD_MEDIA
1143958.0,1739444.0,A2,SALINIDAD_MEDIA
1141762.0,1738299.0,A2,SALINIDAD_MEDIA
1140608.0,1735503.0,A3,SALINIDAD_MEDIA
1139067.0,1733994.0,A2,SALINIDAD_BAJA
1142469.0,1744073.0,A2,SALINIDAD_MEDIA
1140660.0,1741437.0,A2,SALINIDAD_BAJA
1138643.0,1738311.0,A3,SALINIDAD_BAJA
1136879.0,1737602.0,A2,SALINIDAD_BAJA
1140369.0,1732588.0,A3,SALINIDAD_ALTA
1147660.0,1755117.0,A2,SALINIDAD_ALTA
1149069.0,1759597.0,A3,SALINIDAD_BAJA
1115807.0,1762846.0,A4,SALINIDAD_BAJA
1113305.0,1758472.0,A2,SALINIDAD_ALTA
1118419.0,1757132.0,A3,SALINIDAD_MEDIA
1114789.0,1757311.0,A3,SALINIDAD_ALTA
1117598.039,1752189.816,A3,SALINIDAD_MEDIA
1114942.0,1751339.0,A3,SALINIDAD_MEDIA
1113781.0,1758986.0,A3,SALINIDAD_MEDIA
1115597.0,1750696.0,A2,SALINIDAD_MEDIA
1112555.0,1749189.0,A4,SALINIDAD_ALTA
1115198.0,1744342.0,A2,SALINIDAD_MEDIA
1171329.419,1771788.995,A4,SALINIDAD_MEDIA
1170968.218,1775733.9,A4,SALINIDAD_MEDIA
1172055.0,1775460.0,A4,SALINIDAD_MEDIA
1168830.0,1769931.0,A4,SALINIDAD_MEDIA
1177374.0,1758313.0,A4,SALINIDAD_ALTA
1177108.0,1759734.0,A4,SALINIDAD_MEDIA
1174756.798,1761070.797,A4,SALINIDAD_MEDIA
1173903.207,1768984.488,A4,SALINIDAD_MEDIA
1174833.044,1771276.713,A4,SALINIDAD_MEDIA
1175798.108,1772136.718,A4,SALINIDAD_MEDIA
1173275.459,1773929.406,A4,SALINIDAD_BAJA
1167781.637,1779365.16,A4,SALINIDAD_MEDIA
1167795.124,1780228.992,A4,SALINIDAD_MEDIA
1168094.732,1781964.291,A4,SALINIDAD_ALTA
1172553.618,1778104.559,A3,SALINIDAD_MEDIA
1173287.602,1778683.385,A4,SALINIDAD_MEDIA
1168545.772,1778710.306,A4,SALINIDAD_ALTA
1171378.38,1774793.76,A3,SALINIDAD_MEDIA
1167125.453,1774840.979,A3,SALINIDAD_MEDIA
1163468.827,1773546.4,A4,SALINIDAD_ALTA
1164266.294,1782788.355,A4,SALINIDAD_ALTA
1162831.463,1782859.156,A4,SALINIDAD_ALTA
1165837.138,1782057.945,A4,SALINIDAD_ALTA
1164394.775,1781610.643,A4,SALINIDAD_ALTA
1165583.978,1778762.026,A4,SALINIDAD_ALTA
1164635.146,1778740.002,A4,SALINIDAD_ALTA
1173869.554,1788223.862,A4,SALINIDAD_ALTA
1173212.006,1788172.86,A4,SALINIDAD_ALTA
1171203.074,1787484.407,A4,SALINIDAD_ALTA
1174527.462,1786077.549,A4,SALINIDAD_ALTA
1172979.195,1784857.943,A4,SALINIDAD_ALTA
1172733.917,1783561.172,A4,SALINIDAD_ALTA
1173477.371,1782583.92,A3,SALINIDAD_ALTA
1171622.324,1785771.656,A4,SALINIDAD_ALTA
1168983.827,1786355.697,A4,SALINIDAD_ALTA
1167006.773,1784742.556,A4,SALINIDAD_ALTA
1166487.014,1785281.084,A4,SALINIDAD_ALTA
1166009.737,1786057.077,A4,SALINIDAD_ALTA
1167030.217,1786207.929,A4,SALINIDAD_ALTA
1186191.0,1736557.0,A3,SALINIDAD_ALTA
1181592.0,1729786.0,A4,SALINIDAD_MEDIA
1184143.0,1734392.0,A4,SALINIDAD_ALTA
1185992.0,1737775.0,A4,SALINIDAD_MEDIA
1172504.0,1730792.0,A2,SALINIDAD_MEDIA
1171083.0,1730811.0,A3,SALINIDAD_MEDIA
1175211.0,1731649.0,A2,SALINIDAD_MEDIA
1176275.0,1731357.0,A4,SALINIDAD_MEDIA
1177048.0,1730585.0,A4,SALINIDAD_MEDIA
1177135.0,1732168.0,A4,SALINIDAD_MEDIA
1175133.0,1732677.0,A4,SALINIDAD_MEDIA
1177609.0,1736801.0,A2,SALINIDAD_MEDIA
1177431.0,1735018.0,A2,SALINIDAD_BAJA
1176956.0,1733614.0,A2,SALINIDAD_MEDIA
1178618.0,1732898.0,A2,SALINIDAD_MEDIA
1178797.0,1736037.0,A2,SALINIDAD_BAJA
1181340.0,1731008.0,A4,SALINIDAD_ALTA
1180920.0,1733650.0,A4,SALINIDAD_BAJA
1179191.0,1732867.0,A2,SALINIDAD_MEDIA
1185700.0,1741270.0,A4,SALINIDAD_ALTA
1183859.0,1742533.0,A4,SALINIDAD_ALTA
1186380.0,1739203.0,A4,SALINIDAD_ALTA
1199890.638,1749120.545,A4,SALINIDAD_ALTA
1200470.198,1748616.951,A4,SALINIDAD_ALTA
1200047.989,1743889.116,A4,SALINIDAD_ALTA
1199945.957,1743710.167,A4,SALINIDAD_ALTA
1200003.406,1742293.289,A4,SALINIDAD_ALTA
1197695.351,1742629.338,A4,SALINIDAD_MEDIA
1202469.125,1740076.924,A4,SALINIDAD_ALTA
1198739.582,1739143.495,A4,SALINIDAD_MEDIA
1199298.698,1735611.594,A4,SALINIDAD_ALTA
1202068.269,1733400.094,A4,SALINIDAD_ALTA
1198393.372,1732823.794,A4,SALINIDAD_ALTA
1198874.779,1732522.425,A4,SALINIDAD_MEDIA
1201587.126,1743751.269,A4,SALINIDAD_ALTA
1201356.684,1731200.589,A4,SALINIDAD_MEDIA
1200129.042,1747876.966,A4,SALINIDAD_MEDIA
1199415.717,1745529.877,A4,SALINIDAD_MEDIA
1201140.105,1731857.126,A4,SALINIDAD_BAJA
1202837.285,1730816.391,A4,SALINIDAD_MEDIA
1202347.922,1730923.981,A4,SALINIDAD_MEDIA
1198117.38,1729345.148,A4,SALINIDAD_MEDIA
1198701.082,1729198.109,A4,SALINIDAD_MEDIA
1198393.699,1727357.831,B4,SALINIDAD_BAJA
1195873.082,1739467.015,A4,SALINIDAD_MEDIA
1195408.759,1738981.521,A4,SALINIDAD_MEDIA
1197921.976,1736909.6,A4,SALINIDAD_ALTA
1190292.825,1738464.909,A4,SALINIDAD_ALTA
1190517.738,1736366.63,A4,SALINIDAD_ALTA
1187589.646,1732691.191,A4,SALINIDAD_BAJA
1193441.852,1744078.808,A4,SALINIDAD_ALTA
1206172.397,1747844.986,A4,SALINIDAD_ALTA
1208455.862,1747069.794,A4,SALINIDAD_MEDIA
1207401.666,1747754.624,A4,SALINIDAD_ALTA
1209163.13,1747012.961,A3,SALINIDAD_MEDIA
1208538.003,1745649.954,A4,SALINIDAD_MEDIA
1208417.708,1745025.059,A4,SALINIDAD_MEDIA
1206739.385,1743234.027,A4,SALINIDAD_ALTA
1204595.967,1744376.128,A4,SALINIDAD_ALTA
1204178.656,1743214.419,A4,SALINIDAD_ALTA
1204753.94,1741514.928,A4,SALINIDAD_ALTA
1203700.048,1745458.689,A4,SALINIDAD_MEDIA
1203079.257,1747646.709,A4,SALINIDAD_ALTA
1198434.944,1779642.151,A4,SALINIDAD_ALTA
1200639.155,1775751.963,A4,SALINIDAD_ALTA
1198550.996,1783270.6,A4,SALINIDAD_ALTA
1200988.683,1790006.989,A4,SALINIDAD_MEDIA
1201980.329,1784793.193,A4,SALINIDAD_ALTA
1207848.777,1781794.689,A4,SALINIDAD_ALTA
1201393.364,1781877.914,A4,SALINIDAD_ALTA
1204628.648,1775648.922,A4,SALINIDAD_ALTA
1196141.957,1776116.681,A4,SALINIDAD_ALTA
1202920.143,1790222.629,A3,SALINIDAD_MEDIA
1201936.983,1770069.749,A4,SALINIDAD_ALTA
1199016.69,1765464.082,A4,SALINIDAD_ALTA
1202449.988,1792141.023,A4,SALINIDAD_ALTA
1202343.33,1790861.365,A4,SALINIDAD_ALTA
1203021.911,1793605.162,A4,SALINIDAD_ALTA
1207846.899,1793262.512,A3,SALINIDAD_ALTA
1209126.748,1795263.531,A3,SALINIDAD_MEDIA
1212099.439,1794681.43,A4,SALINIDAD_MEDIA
1213557.848,1794928.339,A4,SALINIDAD_MEDIA
1215592.267,1797682.138,A3,SALINIDAD_ALTA
1207984.859,1784083.02,A4,SALINIDAD_ALTA
1224126.799,1771685.143,A4,SALINIDAD_ALTA
1218819.235,1761590.233,A4,SALINIDAD_ALTA
1299448.904,1827173.554,A4,SALINIDAD_ALTA
1129005.0,1741585.0,A2,SALINIDAD_BAJA
1128920.0,1741104.0,A2,SALINIDAD_BAJA
1165659.0,1743170.0,A3,SALINIDAD_BAJA
1165203.0,1733329.0,A4,SALINIDAD_MEDIA
1160949.0,1734988.0,A4,SALINIDAD_MEDIA
1157540.0,1734858.0,A3,SALINIDAD_ALTA
1156488.0,1733311.0,A3,SALINIDAD_ALTA
1156787.0,1729932.0,A4,SALINIDAD_ALTA
1151278.0,1738841.0,A2,SALINIDAD_ALTA
1154237.0,1737063.0,A4,SALINIDAD_ALTA
1149689.0,1748731.0,A2,SALINIDAD_ALTA
1153062.0,1740796.0,A3,SALINIDAD_MEDIA
1157370.0,1743580.0,A3,SALINIDAD_ALTA
1156932.0,1737335.0,A3,SALINIDAD_MEDIA
1164511.0,1732119.0,A4,SALINIDAD_ALTA
1163732.0,1732332.0,A4,SALINIDAD_ALTA
1147031.0,1734231.0,A3,SALINIDAD_MEDIA
1148126.0,1733696.0,A2,SALINIDAD_MEDIA
1145391.0,1736818.0,A3,SALINIDAD_ALTA
1145462.0,1739838.0,A2,SALINIDAD_MEDIA
1148085.0,1757105.0,A3,SALINIDAD_MEDIA
1125310.0,1723219.0,A3,SALINIDAD_BAJA
1128354.0,1734177.0,A4,SALINIDAD_BAJA
1126060.0,1738438.0,A2,SALINIDAD_MEDIA
1105185.0,1740294.0,A2,SALINIDAD_ALTA
1106743.0,1739115.0,A4,SALINIDAD_MEDIA
1110659.0,1737222.0,A4,SALINIDAD_ALTA
1155526.0,1729039.0,A4,SALINIDAD_ALTA
1152153.0,1729379.0,A4,SALINIDAD_ALTA
1150919.0,1729283.0,A4,SALINIDAD_ALTA
1148857.0,1729210.0,A4,SALINIDAD_ALTA
1147436.0,1729299.0,A4,SALINIDAD_ALTA
1143464.0,1729363.0,A4,SALINIDAD_MEDIA
1146052.0,1729396.0,A3,SALINIDAD_ALTA
1140098.0,1732443.0,A4,SALINIDAD_MEDIA
1137534.0,1729926.0,A4,SALINIDAD_BAJA
1134800.0,1730747.0,A4,SALINIDAD_BAJA
1133193.0,1730836.0,A4,SALINIDAD_BAJA
1134018.0,1732054.0,A4,SALINIDAD_BAJA
1131961.0,1729089.0,A4,SALINIDAD_ALTA
1127402.0,1736197.0,A4,SALINIDAD_BAJA
1096982.0,1743256.0,A4,SALINIDAD_ALTA
1098290.0,1742670.0,A4,SALINIDAD_ALTA
1101388.0,1740667.0,A4,SALINIDAD_ALTA
1087722.0,1739106.0,A2,SALINIDAD_ALTA
1122690.0,1691986.0,A4,SALINIDAD_MEDIA
1123096.0,1692094.0,A4,SALINIDAD_MEDIA
1129253.0,1693489.0,A4,SALINIDAD_ALTA
1129972.0,1693307.0,A4,SALINIDAD_MEDIA
1129592.0,1693560.0,A4,SALINIDAD_MEDIA
1127330.0,1693788.0,A4,SALINIDAD_MEDIA
1125086.0,1691623.0,A4,SALINIDAD_BAJA
1124690.0,1689861.0,A4,SALINIDAD_MEDIA
1124841.0,1690014.0,A4,SALINIDAD_MEDIA
1105136.0,1683993.0,C2,SALINIDAD_MEDIA
1112403.0,1674637.0,A3,SALINIDAD_MEDIA
1113101.0,1670280.0,A3,SALINIDAD_ALTA
1107355.0,1668524.0,,SALINIDAD_BAJA
1112220.0,1681012.0,A4,SALINIDAD_BAJA
1113208.0,1681556.0,A4,SALINIDAD_BAJA
1111936.0,1681544.0,A4,SALINIDAD_BAJA
1116939.0,1678505.0,A4,SALINIDAD_BAJA
1116680.0,1677425.0,A3,SALINIDAD_BAJA
1119897.0,1678436.0,A4,SALINIDAD_BAJA
1116709.0,1682160.0,A4,SALINIDAD_BAJA
1130022.0,1692419.0,A4,SALINIDAD_ALTA
1130351.0,1690905.0,A4,SALINIDAD_ALTA
1130264.0,1690351.0,A4,SALINIDAD_ALTA
1130028.0,1690427.0,A4,SALINIDAD_ALTA
1129869.0,1689946.0,A4,SALINIDAD_MEDIA
1128827.0,1689683.0,A4,SALINIDAD_MEDIA
1128917.0,1688255.0,A4,SALINIDAD_MEDIA
1128867.0,1687413.0,A4,SALINIDAD_BAJA
1128340.0,1686745.0,A4,SALINIDAD_ALTA
1129101.0,1685359.0,A4,SALINIDAD_MEDIA
1130102.0,1685592.0,A4,SALINIDAD_BAJA
1130550.0,1685088.0,A4,SALINIDAD_MEDIA
1131580.0,1683407.0,A4,SALINIDAD_MEDIA
1132304.0,1682529.0,A4,SALINIDAD_BAJA
1133220.0,1681862.0,A4,SALINIDAD_MEDIA
1131009.0,1682859.0,A4,SALINIDAD_MEDIA
1129994.0,1683476.0,A4,SALINIDAD_BAJA
1128003.0,1682179.0,A4,SALINIDAD_BAJA
1126436.0,1679634.0,A4,SALINIDAD_MEDIA
1131470.0,1679773.0,A4,SALINIDAD_BAJA
1125956.0,1678069.0,A4,SALINIDAD_MEDIA
1120682.0,1678403.0,A4,SALINIDAD_BAJA
1119874.0,1679916.0,A4,SALINIDAD_MEDIA
1120280.0,1686581.0,A4,SALINIDAD_BAJA
1118927.0,1684543.0,A4,SALINIDAD_BAJA
1120912.0,1684783.0,A4,SALINIDAD_BAJA
1122350.0,1686936.0,A4,SALINIDAD_BAJA
1123008.0,1687590.0,A4,SALINIDAD_ALTA
1123507.0,1689579.0,A4,SALINIDAD_BAJA
1133246.0,1698438.0,A4,SALINIDAD_MEDIA
1131102.0,1700000.0,A4,SALINIDAD_BAJA
1137708.0,1699608.0,A4,SALINIDAD_BAJA
1135767.0,1698007.0,A3,SALINIDAD_BAJA
1133754.0,1694558.0,A4,SALINIDAD_BAJA
1134009.0,1693953.0,A4,SALINIDAD_BAJA
1133690.0,1693218.0,A4,SALINIDAD_BAJA
1133642.0,1691634.0,A4,SALINIDAD_MEDIA
1134916.0,1691281.0,A4,SALINIDAD_BAJA
1134436.0,1690010.0,A4,SALINIDAD_BAJA
1105024.0,1654390.0,A4,SALINIDAD_BAJA
1108229.0,1656448.0,A4,SALINIDAD_BAJA
1108556.0,1661037.0,A4,SALINIDAD_BAJA
1114371.0,1660033.0,A4,SALINIDAD_BAJA
1116357.0,1658959.0,A4,SALINIDAD_BAJA
1108977.0,1668251.0,,SALINIDAD_MEDIA
1109730.0,1668192.0,A3,SALINIDAD_MEDIA
1111678.0,1666265.0,A4,SALINIDAD_BAJA
1116729.0,1666242.0,A4,SALINIDAD_BAJA
1117850.0,1666802.0,A4,SALINIDAD_BAJA
1119300.0,1666263.0,A4,SALINIDAD_BAJA
1124172.0,1666974.0,B4,SALINIDAD_BAJA
1125014.0,1667758.0,B4,SALINIDAD_BAJA
1123437.0,1667462.0,A4,SALINIDAD_BAJA
1118243.0,1675401.0,A4,SALINIDAD_BAJA
1117918.0,1673063.0,A4,SALINIDAD_BAJA
1117690.0,1675048.0,A4,SALINIDAD_BAJA
1119649.0,1670939.0,A4,SALINIDAD_BAJA
1126731.0,1681442.0,A4,SALINIDAD_BAJA
1124570.0,1682342.0,A4,SALINIDAD_BAJA
1124638.0,1682448.0,A4,SALINIDAD_BAJA
1136509.0,1702571.0,A4,SALINIDAD_MEDIA
1132482.0,1702888.0,A4,SALINIDAD_BAJA
1279208.066,1796873.004,A3,SALINIDAD_MEDIA
1270460.419,1795397.819,A3,SALINIDAD_ALTA
1264949.761,1793125.868,A4,SALINIDAD_ALTA
1177720.724,1787760.555,A4,SALINIDAD_ALTA
1180687.328,1785057.331,A4,SALINIDAD_ALTA
1187967.948,1780093.152,A4,SALINIDAD_ALTA
1183305.671,1772177.026,A4,SALINIDAD_ALTA
1142571.56,1706464.324,A4,SALINIDAD_MEDIA
1143339.184,1706618.27,A3,SALINIDAD_MEDIA
1140831.339,1709327.362,A3,SALINIDAD_ALTA
1142881.953,1712569.514,A3,SALINIDAD_BAJA
1142523.595,1711894.864,B4,SALINIDAD_MEDIA
1136399.449,1695835.009,A4,SALINIDAD_BAJA
1137103.493,1695269.352,A4,SALINIDAD_MEDIA
1139230.716,1695075.394,A4,SALINIDAD_BAJA
1142257.945,1694701.02,A4,SALINIDAD_BAJA
1142005.707,1692597.736,A4,SALINIDAD_BAJA
1141496.428,1698730.05,A4,SALINIDAD_MEDIA
1141527.863,1697774.358,A4,SALINIDAD_MEDIA
1143312.004,1696119.337,A4,SALINIDAD_MEDIA
1138931.941,1698221.265,A4,SALINIDAD_BAJA
1143953.95,1704235.976,A3,SALINIDAD_BAJA
1143504.475,1704931.678,A3,SALINIDAD_BAJA
1135848.882,1693798.199,A4,SALINIDAD_BAJA
1136500.994,1693309.146,A4,SALINIDAD_BAJA
1137439.154,1694173.56,A4,SALINIDAD_MEDIA
1138621.615,1693268.775,A4,SALINIDAD_BAJA
1139220.727,1692392.305,A4,SALINIDAD_BAJA
1135110.065,1694695.66,A4,SALINIDAD_BAJA
1134668.087,1695065.73,A4,SALINIDAD_BAJA
1132971.719,1696152.964,A4,SALINIDAD_BAJA
1135717.122,1696296.275,A4,SALINIDAD_BAJA
1137404.693,1689289.88,A4,SALINIDAD_BAJA
1140011.009,1683627.33,A4,SALINIDAD_MEDIA
1141678.611,1685226.366,A4,SALINIDAD_BAJA
1138232.251,1683884.231,A4,SALINIDAD_BAJA
1111666.0,1733122.0,A3,SALINIDAD_MEDIA
1151765.0,1732587.0,A2,SALINIDAD_ALTA
1158688.0,1740582.0,A4,SALINIDAD_ALTA
1195794.0,1764930.0,A4,SALINIDAD_ALTA
1195502.0,1758923.0,A4,SALINIDAD_ALTA
1190829.0,1759432.0,A4,SALINIDAD_ALTA
1189097.0,1754888.0,A4,SALINIDAD_ALTA
1197824.0,1757198.0,A4,SALINIDAD_ALTA
1198179.0,1755912.0,A4,SALINIDAD_ALTA
1191299.0,1746181.0,A4,SALINIDAD_ALTA
1192414.0,1746420.0,A4,SALINIDAD_ALTA
1107780.0,1747321.0,A2,SALINIDAD_ALTA
1101919.0,1737287.0,A4,SALINIDAD_MEDIA
1102030.0,1737385.0,A4,SALINIDAD_BAJA
1058434.0,1735274.0,A4,SALINIDAD_BAJA
1059896.0,1735046.0,A4,SALINIDAD_BAJA
1077964.0,1734745.0,A4,SALINIDAD_BAJA
1084449.0,1734900.0,A4,SALINIDAD_ALTA
1084975.0,1735212.0,A3,SALINIDAD_BAJA
1083613.0,1735439.0,A4,SALINIDAD_ALTA
1078279.0,1732759.0,A4,SALINIDAD_BAJA
1106326.0,1745085.0,A2,SALINIDAD_MEDIA
1118090.0,1742814.0,A2,SALINIDAD_ALTA
1121200.0,1748647.0,A3,SALINIDAD_BAJA
1134175.0,1737751.0,A2,SALINIDAD_BAJA
1240347.0,1783838.0,A3,SALINIDAD_ALTA
1255905.0,1788141.0,A3,SALINIDAD_ALTA
1260665.0,1790561.0,A4,SALINIDAD_ALTA
1273827.0,1794325.0,A3,SALINIDAD_ALTA
1262470.0,1811696.0,B2,SALINIDAD_MEDIA
1312308.0,1832634.0,A4,SALINIDAD_ALTA
1302532.0,1840401.0,C2,SALINIDAD_MEDIA
1303980.0,1842259.0,A4,SALINIDAD_ALTA
1227387.0,1815279.0,A4,SALINIDAD_MEDIA
1228264.0,1815304.0,A4,SALINIDAD_MEDIA
1231122.0,1817406.0,A4,SALINIDAD_ALTA
1143557.0,1776214.0,A4,SALINIDAD_ALTA
1256976.0,1819569.0,A3,SALINIDAD_MEDIA
1265394.0,1815294.0,B2,SALINIDAD_ALTA
1154325.0,1716806.0,A3,SALINIDAD_MEDIA
1155067.0,1716782.0,A3,SALINIDAD_BAJA
1155840.0,1717576.0,A3,SALINIDAD_BAJA
1156593.0,1718279.0,A3,SALINIDAD_MEDIA
1157135.0,1718822.0,A3,SALINIDAD_MEDIA
1158157.0,1719956.0,A3,SALINIDAD_BAJA
1158472.0,1720222.0,A3,SALINIDAD_MEDIA
1158998.0,1720451.0,A3,SALINIDAD_MEDIA
1159932.0,1722134.0,A3,SALINIDAD_ALTA
1160140.0,1723072.0,A3,SALINIDAD_BAJA
1161699.0,1722694.0,A3,SALINIDAD_MEDIA
1161203.0,1723101.0,A3,SALINIDAD_BAJA
1106426.0,1742898.0,A2,SALINIDAD_MEDIA
1106150.0,1740538.0,A2,SALINIDAD_ALTA
1178841.395,1793660.735,A4,SALINIDAD_ALTA
1132643.892,1765264.65,A2,SALINIDAD_MEDIA
1181585.0,1765831.0,A4,SALINIDAD_MEDIA
1159912.0,1756861.0,A4,SALINIDAD_MEDIA
1225063.0,1817639.0,A3,SALINIDAD_MEDIA
1180025.0,1767278.0,A4,SALINIDAD_MEDIA
1171884.0,1757452.0,A4,SALINIDAD_MEDIA
1177928.0,1767110.0,A4,SALINIDAD_MEDIA
1117152.0,1657560.0,B4,SALINIDAD_MEDIA
1125437.0,1669834.0,A4,SALINIDAD_BAJA
1138629.0,1713505.0,A4,SALINIDAD_BAJA
